S-1,Shahrukh Khan and Sons,4211111111,31.5732:74.3079,Islampura,Aryan Khan,ali2@gmail.com,3111111111,1.22E+12
S-2,Hamdard,4587862182,31.5773:74.3363,2-B Hamdard,abc,acs2@gmail.com,3585842689,3.54E+12
S-3,Khalid Photocopy,21213137183,31.5799:74.3788,Shalimar,Khalid,khalid123@gmail.com,03012345673,1234567892736
S-4,The Shop,13132434354,31.5838365592758:74.3813896179199,Shalimar,Amjad,shop@gmail.com,03001213312,4238423842386
S-5,Mumtz Clothes,46374584873,31.5665427861176:74.355640411377,Raiway Housing Scheme,Mumtaz,mumtaz@gmail.com,03001131383,4227836351291